nama_buku;penulis_buku;nomor_isbn;tahun_penerbitan
"A tale of two friends / adapted by Ellie O'Ryan ; illustrated by Tom Caulfield, Frederick Gardner, Megan Petasky, and Allen Tam.";O'Ryan, Ellie;1481425730, 1481425749, 9781481425735, 9781481425742;2014
"Naruto. Vol. 1, Uzumaki Naruto / story and art by Masashi Kishimoto ; [English adaptation by Jo Duffy].";Kishimoto, Masashi, 1974-;1569319006;2003, 1999
Peace, love & Wi-Fi : a ZITS treasury / by Jerry Scott and Jim Borgman.;Scott, Jerry, 1955-;144945867X, 9781449458676;2014
The Paris pilgrims : a novel / Clancy Carlile.;Carlile, Clancy, 1930-;786706155;1999
Hard-hearted Highlander / Julia London.;London, Julia;0373789998, 037380394X, 9780373789993, 9780373803941;2017
The Sandcastle Empire / Kayla Olson.;Olson, Kayla;0062484877, 9780062484871;2017
Burnt toast makes you sing good : a memoir of food and love from an American Midwest family / Kathleen Flinn.;Flinn, Kathleen;067001544X, 9780670015443;2014
The only child : a novel / Andrew Pyper.;Pyper, Andrew;1476755213, 9781476755212;2017
The Jolley-Rogers and the monster's gold / Jonny Duddle.;Duddle, Jonny;0763692921, 9780763692926;2017
The Alchemists' Council / Cynthea Masson.;Masson, Cynthea, 1962-;1770412719, 9781770412712;2016
"Parrots of the wild : a natural history of the world's most captivating birds / Catherine A. Toft and Timothy F. Wright ; foreword by James D. Gilardi.";Toft, Catherine Ann, 1950-2011,,;0520239253, 9780520239258;2015
The aromatherapy garden : growing fragrant plants for happiness and well-being / Kathi Keville.;Keville, Kathi;1604695498, 9781604695496;2016
"The walking dead. Volume 8, Made to suffer / [Robert Kirkman, creator, writer ; Charlie Adlard, penciler, inker ; Cliff Rathburn, gray tones ; Rus Wooton, letterer ; Charlie Adlard & Cliff Rathburn, cover].";Kirkman, Robert;1582408831, 9781582408835;2008
Naked '76 / Kevin Brooks.;Brooks, Kevin;1512404187, 9781512404180;2016
Abakada ng pag-ibig : Paula / Maia Jose.;Jose, Maia.;9718240357;2000
House of dreams / Brenda Joyce.;Joyce, Brenda;158724036X;2000
Recentering the universe : the radical theories of Copernicus, Kepler, Galileo, and Newton / Ron Miller.;Miller, Ron, 1947-;0761358854, 9780761358855;2014
"Take a bow-wow / by Kristin Earhart ; illustrated by Vivienne To.";Earhart, Kristin;0545617618, 9780545617611;2014
"The great powers outage / William Boniface ; illustrations by Stephen Gilpin.";Boniface, William;0060774703, 0060774711, 9780060774707, 9780060774714;2008
Last day, hooray! / Nancy Poydar.;Poydar, Nancy;823418073;2004
Lone wolf [text (large print)] / Jodi Picoult.;Picoult, Jodi, 1966-;1611733669, 9781611733662;2012
Promise land : my journey through America's self-help culture / Jessica Lamb-Shapiro.;Lamb-Shapiro, Jessica;1439100195, 1439100217, 9781439100196, 9781439100219;2014
A small hotel / Robert Olen Butler.;Butler, Robert Olen;0802119875, 9780802119872;2011
Haiti / Rosalie Ng Cheong-Lum & Leslie Jermyn.;NgCheong-Lum, Roseline, 1962-;761419683;2005
You're doing it wrong! : how to improve your life by fixing everyday tasks you (and everyone else) are totally screwing up / Lee Thornton.;Thornton, Lee;1440544166, 9781440544163;2012
"Mirror to the American past; a survey of American genre painting: 1750-1900.";Williams, Hermann Warner, 1908-1974;821204440;1973
Pete the Cat. Snow daze / by James Dean.;Dean, James, 1957-;0062404253, 0062404261, 9780062404251, 9780062404268;2016
Back and deader than ever / a novel by Lisi Harrison.;Harrison, Lisi;0316099171, 9780316099172;2012
Nicaragua / by Wil Mara.;Mara, Wil;0531220907, 9780531220900;2016
Japan took the J.A.P. out of me : [a memoir] / Lisa Fineberg Cook.;Cook, Lisa Fineberg;1439110034, 9781439110034;2009
The English daughter / Maggie Wadey.;Wadey, Maggie;1910985139, 9781910985137;2016
"On Noam Chomsky; critical essays.";Harman, Gilbert;385037651;1974
"How to help the Earth / by the Lorax with Tish Rabe ; illustrated by Christopher Moroney and Jan Gerardi.";Rabe, Tish;0375869778, 0375969772, 9780375869778, 9780375969775;2012
Our Native American legacy : Northwest towns with Indian names / Sandy Nestor.;Nestor, Sandy;087004401X;2001
"Finding luck / by Kristin Earhart ; illustrated by Serena Geddes.";Earhart, Kristin;1481414232, 9781481414234;2016
Hothouse / Karyna McGlynn.;McGlynn, Karyna;1941411452, 9781941411452;2017
The U.S. Army Rangers : the missions / by William Caper.;Caper, William;1429686596, 9781429686594;2013
Robots / Melissa Stewart.;Stewart, Melissa;1426313446, 1426313454, 9781426313448, 9781426313455;2014
The Romanov sisters : the lost lives of the daughters of Nicholas and Alexandra / Helen Rappaport.;Rappaport, Helen;1250020204, 9781250020208;2014
"Melba's American comfort : 100 recipes from my heart to your kitchen / Melba Wilson ; photography by Melissa Hom.";Wilson, Melba (Chef),;1476795282, 1476795304, 9781476795287, 9781476795300;2016
The corn maiden and other nightmares / Joyce Carol Oates.;Oates, Joyce Carol, 1938-;0802126022, 9780802126023;2011
Filling her shoes : a memoir of an inherited family / Betsy Graziana Fasbinder.;Fasbinder, Betsy Graziani.;1631521985, 9781631521980;2017
The autumn republic / Brian McClellan.;McClellan, Brian, 1986-;0316219118, 0316219126, 9780316219112, 9780316219129;2015
"American furniture : tables, chairs, sofas & beds / Marvin D. Schwartz ; with revisions by Elizabeth von Habsburg ; photographs by Chun Y. Lai.";Schwartz, Marvin D.;157912108X;2000
"Iron Man. The secret origin of Tony Stark, Book 1 / writer, Kieron Gillen ; penciler, Greg Land (#6-8) ; artist, Dale Eaglesham (9-11) ; inker, Jay Leisten (#6-8) ; colorist, Guru-eFX ; letterer, VC's Joe Caramagna.";Gillen, Kieron;0785168346, 9780785168348;2013
The secret grave / Lois Ruby.;Ruby, Lois;0545932505, 9780545932509;2017
The wild beasts of Wuhan : an Ava Lee novel / Ian Hamilton.;Hamilton, Ian, 1946-;1250032296, 1250035155, 9781250032294, 9781250035158;2013
"Da da da! Die di chao ren / wen/tu, Gongxi Daye ; yi, Chen Yushu.";Miyanishi, Tatsuya, 1956-;9789862116326, 9862116323;2016
Frankenstein : a cultural history / Susan Tyler Hitchcock.;Hitchcock, Susan Tyler;0393061442, 9780393061444;2007
No shred of evidence / Charles Todd.;Todd, Charles;0062386182, 9780062386182;2016
"Memorial / written by Chris Roberson ; art by Rich Ellis ; colors by Grace Allison ; letters by Neil Uyetake, Robbie Robbins, and Shawn Lee.";Roberson, Chris;1613773544, 9781613773543;2012
The comic toolbox : how to be funny even if you're not / by John Vorhaus.;Vorhaus, John;1879505215;1994
Riptide / Catherine Coulter.;Coulter, Catherine;0515130966, 9780515130966;2001, 2000
"A birthday for Frances / by Russell Hoban ; pictures by Lillian Hoban.";Hoban, Russell;0060223383, 0060223391, 0064430073;1995
"Thea Stilton and the cherry blossom adventure / [Thea Stilton ; illustrations by Alessandro Battan ... et al. ; translated by Julia Heim].";Stilton, Thea;0545227720, 9780545227728;2011
Your pet cat / by Elaine Landau.;Landau, Elaine;0531167666, 9780531167663;2007
"Lemonade : and other poems squeezed from a single word / by Bob Raczka ; illustrated by Nancy Doniger.";Raczka, Bob;1596435410, 9781596435414;2011
A collection of beauties at the height of their popularity : a novel / Whitney Otto.;Otto, Whitney;375505458;2002
Miss Peregrine's Home for Peculiar Children / Ransom Riggs.;Riggs, Ransom;1410450236, 9781410450234;2012
The floating book / Michelle Lovric.;Lovric, Michelle;60578564;2003
"Powers. [3], Little deaths / created and produced by Brian Michael Bendis & Michael Avon Oeming ; color art, Pete Pantazis & Pat Garrahy with Brian Michael Bendis ; letters, Ken Bruzenak & Pat Garrahy with Brian Michael Bendis.";Bendis, Brian Michael;0785159843, 9780785159841;2011
"A field guide to western trees : Eastern [i.e. Western] United States and Canada / George A. Petrides ; illustrated by Olivia Petrides.";Petrides, George A.;395904544;1998
"Angry birds playground : dinosaurs : a prehistoric adventure / by Jill Esbaum ; dinosaur art by Franco Tempesta.";Esbaum, Jill;1426313241, 142631325X, 9781426313240, 9781426313257;2013
"Poppy and Ereth / Avi ; illustrated by Brian Floca.";Avi, 1937-;0061119695, 0061119709, 9780061119699, 9780061119705;2009
Al Capone does my homework / Gennifer Choldenko.;Choldenko, Gennifer, 1957-;0803734727, 9780803734722;2013
"The forks over knives plan : how to transition to the life-saving, whole-food, plant-based diet / Alona Pulde, M.D. and Matt Lederman, M.D. ; with Marah Stets and Brian Wendel ; recipes by Darshana Thacker and Del Sroufe.";Pulde, Alona.;1476753296, 9781476753294;2014
America and the intellectual cold wars in Europe : Shepard Stone between philanthropy, academy, and diplomacy / Volker R. Berghahn.;Berghahn, Volker R. (Volker Rolf), 1938-;691074798;2001
Kicking the sky : a novel / Anthony De Sa.;De Sa, Anthony;156512927X, 9781565129276;2014
"Musk Ox counts / Erin Cabatingan ; illustrated by Matthew Myers.";Cabatingan, Erin;1596437987, 9781596437982;2013
"The low GI guide to living well with PCOS : lose weight, boost fertility and gain control over polycystic ovarian syndrome with the glycemic index / Jennie Brand-Miller, Nadir R. Farid, Kate Marsh ; recipes by Chrissy Freer ... [and others].";Brand Miller, Janette, 1952-;073821390X, 9780738213903;2011
Exposed / Brighton Walsh.;Walsh, Brighton.;125005964X, 9781250059642;2015
Mississippi to Madrid : memoir of a Black American in the Abraham Lincoln Brigade / by James Yates.;Yates, James, 1906-;0940880199, 0940880202;1989
"A million dots / Andrew Clements ; illustrated by Mike Reed.";Clements, Andrew, 1949-;689858248;2006
"Good night, world / words by Willa Perlman ; pictures by Carolyn Fisher.";Perlman, Willa;1442401974, 9781442401976;2011
"Gluten-free artisan bread in five minutes a day : the baking revolution continues with 90 new, delicious, and easy recipes made with gluten-free flours / Jeff Hertzberg, M.D. and Zoë François ; photographs by Stephen Scott Gross.";Hertzberg, Jeff;1250018315, 9781250018311;2014
"Mama Seeton's whistle / by Jerry Spinelli ; art by LeUyen Pham.";Spinelli, Jerry;0316122173, 9780316122177;2015
Structural details manual / David R. Williams.;Williams, David R., P.E.;70704430;1999
The 5 second rule : transform your life, work, and confidence with everyday courage / Mel Robbins.;Robbins, Mel, 1968-;1682612384, 9781682612385;2017
Side effects may vary / Julie Murphy.;Murphy, Julie, 1985-;006224535X, 9780062245359;2014
"The tricks and treats of Halloween / by Angela Murphy ; illustrated by Rich Wake.";Murphy, Angela.;1481409786, 1481409794, 9781481409780, 9781481409797;2014
Let's throw a St. Patrick's Day party! / Rachel Lynette.;Lynette, Rachel;1448825741, 144882737X, 1448827388, 9781448825745, 9781448827374, 9781448827381;2012
Hens dancing / Raffaella Barker.;Barker, Raffaella, 1964-;375503862;2001
Why be happy when you could be normal? / Jeanette Winterson.;Winterson, Jeanette, 1959-;0802120105, 9780802120106;2012
Henry and the bully / Nancy Carlson.;Carlson, Nancy L.;0670011487, 9780670011483;2010
A very big bunny / Marisabina Russo.;Russo, Marisabina;0375844635, 037594463X, 9780375844638, 9780375944635;2010
Lowlands : [a novel] / Terence Gallagher.;Gallagher, Terence;1604891912, 9781604891911;2017
Strangers / Bill Pronzini.;Pronzini, Bill;1410470857, 9781410470850;2014
"Home to Harlem / by Claude McKay ; foreword by Wayne F. Cooper.";McKay, Claude, 1890-1948;1555530230, 1555530240, 1555530249;1987
"Jasmine and the treasure chest / written by Katy Kit ; illustrated by Tom Knight..";Kit, Katy;0807550809, 0807550817, 9780807550809, 9780807550816;2011
Oil and honey [sound recording] : [the education of an unlikely activist] / Bill McKibben.;McKibben, Bill;1427233462, 9781427233462;2013
End your addiction now : the proven nutritional supplement program that can set you free / Charles Gant, Greg Lewis.;Gant, Charles;0757003133, 9780757003134;2010
"Spinning in the old way : how (and why) to make your own yarn with a high-whorl handspindle / by Priscilla A. Gibson-Roberts ; with illustrations by Susan Strawn ; based on drawings by Priscilla A. Gibson-Roberts.";Gibson-Roberts, Priscilla A.;0966828984, 9780966828986;2006
The secret lives of codebreakers : the men and women who cracked the Enigma code at Bletchley Park / Sinclair McKay.;McKay, Sinclair;0452298717, 9780452298712;2012
Follow me! : animal parents and babies / Shira Evans.;Evans, Shira;1426323476, 1426323484, 9781426323478, 9781426323485;2016
Sick in the head : conversations about life and comedy / Judd Apatow.;Apatow, Judd, 1967-;0812997573, 9780812997576;2015
Lincoln's Gettysburg address : a pictorial interpretation / painted by James Daugherty.;Daugherty, James, 1889-1974;0807545503, 9780807545508;2013
Kids inventing : a handbook for young inventors / Susan Casey.;Casey, Susan (Susan Mary);0471660868, 9780471660866;2005
Grief pool : poems / by Jeff Crandall.;Crandall, Jeff;967982405;2000
We'll always have Casablanca : the life, legend, and afterlife of Hollywood's most beloved movie / Noah Isenberg.;Isenberg, Noah William.;0393243125, 9780393243123;2017
Making babies : stumbling into motherhood / Anne Enright.;Enright, Anne, 1962-;0393078280, 9780393078282;2012, 2004
Hidden Christmas : the surprising truth behind the birth of Christ / Timothy Keller.;Keller, Timothy, 1950-;0735221650, 9780735221659;2016
The real name of God : embracing the full essence of the divine / Wayne Dosick.;Dosick, Wayne D., 1947-;1594774730, 9781594774737;2012
"Avengers assemble. Civil war / based on the TV series written by Danielle Wolff, Jacob Semahn, Kevin Burke & Chris ""Doc"" Wyatt ; directed by Phil Pignotti & Tim Eldred ; adapted by Joe Caramagna ; art by Marvel Animation.";Caramagna, Joe;1302901648, 9781302901646;2016
Rebel power! / written by Lauren Nesworthy.;Nesworthy, Lauren.;1465435956, 1465435964, 9781465435958, 9781465435965;2015
Domestic malice : a novel / by Jessica Fletcher and Donald Bain.;Bain, Donald, 1935-;0451238036, 9780451238030;2012
Capturing the light : the birth of photography, a true story of genius and rivalry / Roger Watson and Helen Rappaport.;Watson, Roger (Museum curator);1250009707, 9781250009708;2013
"Defying Hitler : a memoir / Sebastian Haffner ; translated by Oliver Pretzel.";Haffner, Sebastian;374161577;2002
"The complete photo guide to cardmaking / Judi Watanabe ; photographs: Rob Bostick and Judi Watanabe.";Watanabe, Judi, 1963-;1589238826, 9781589238824;2016
Daughters of the declaration : how women social entrepreneurs built the American dream / Claire Gaudiani & David Graham Burnett.;Gaudiani, Claire;1610390318, 9781610390316;2011
"Stampede of the supermarket slugs / by Bill Doyle ; illustrated by Scott Altmann.";Doyle, Bill H., 1968-;0375869344, 0375969349, 9780375869341, 9780375969348;2012
The Martian : a novel / Andy Weir.;Weir, Andy;0804139024, 9780804139021;2014, 2011
Oh pray my wings are gonna fit me well / Maya Angelou.;Angelou, Maya;679457070;1997
"The wishing foxes / Margaret Read MacDonald with Jen and Nat Whitman ; illustrated by Kitty Harvill.";MacDonald, Margaret Read, 1940-;1945268018, 9781945268014;2017
Malta / Sean Sheehan and Yong Jui Lin.;Sheehan, Sean, 1951-;1608700240, 9781608700240;2011
Toys in space / by Mini Grey.;Grey, Mini;0307978125, 030797815X, 0307978478, 9780307978127, 9780307978158, 9780307978479;2013
From the devotions.;Phillips, Carl, 1959-;1555972632;1998
Prussian blue : a Bernie Gunther novel / Philip Kerr.;Kerr, Philip;1524756156, 9781524756154;2017
Cole : ninja of Earth / by Greg Farshtey.;Farshtey, Greg;0545369932, 9780545369930;2012
Pete the cat and the treasure map / by James Dean.;Dean, James, 1957-;0062404415, 9780062404411;2017
"Aleksandr Rodchenko / Magdalena Dabrowski, Leah Dickerman, Peter Galassi ; with essays by Aleksandr Lavrent?ev and Varvara Rodchenko.";Dabrowski, Magdalena;810961873;1998
Sweet ruin / Kresley Cole.;Cole, Kresley;1451649975, 9781451649970;2015
"Paleo cooking from Elana's pantry : gluten-free, grain-free, dairy-free recipes / Elana Amsterdam ; photography by Leigh Beisch.";Amsterdam, Elana;1607745518, 9781607745518;2013
A gathering of shadows / V.E. Schwab.;Schwab, Victoria;0765376474, 9780765376473;2016
Same but different : teen life on the autism express / Holly Robinson Peete, Ryan Elizabeth Peete, RJ Peete.;Peete, Holly Robinson, 1964-;0545094682, 9780545094689;2016
The William S. Paley collection / William Rubin, Matthew Armstrong.;Museum of Modern Art (New York, N.Y.);870701703;1992
Let the circle be unbroken / Mildred D. Taylor.;Taylor, Mildred D.;1101997540, 9781101997543;2016
Inside the kingdom [text (large print)] : my life in Saudi Arabia / Carmen Bin Ladin.;Bin Ladin, Carmen;786270675;2004
Company of adventurers / Peter C. Newman.;Newman, Peter Charles;0670803790, 0670808776;1985, 1991
"Ghosts and goblins and ninja, oh my! / by Walker Styles ; illustrated by Ben Whitehouse.";Styles, Walker;1481463063, 1481463071, 9781481463065, 9781481463072;2016
"Time for a hug / Phillis Gershator & Mim Green ; illustrated by David Walker.";Gershator, Phillis;1402778627, 9781402778629;2012
"First grade dropout / written by Audrey Vernick ; illustrated by Matthew Cordell.";Vernick, Audrey;0544129857, 9780544129856;2015
The watchmaker of Filigree Street / Natasha Pulley.;Pulley, Natasha;1620408333, 9781620408339;2015
"Doctor Proctor's fart powder / Jo Nesbo ; illustrated by Mike Lowery.";Nesbø, Jo, 1960-;1416979727, 9781416979722;2010
Oudolf Hummelo : a journey through a plantsman's life / Piet Oudolf, Noel Kingsbury;Oudolf, Piet;1580934188, 9781580934183;2015
China, illegal trade in human body parts : hearing before the Committee on Foreign Relations, United States Senate, One Hundred Fourth Congress, first session, May 4, 1995;United States. Congress. Senate. Committee on Foreign Relations;160475260;1995
Lots more animals should definitely not wear clothing / written by Judi Barrett and drawn by Ron Barrett.;Barrett, Judi;148148866X, 9781481488662;2018
"On the right track / by Albin Sadar ; illustrated by Valerio Fabbretti.";Sadar, Albin;1481420429, 1481420437, 9781481420426, 9781481420433;2016
Loitering : new & collected essays / Charles D'Ambrosio.;D'Ambrosio, Charles;1935639870, 9781935639879;2014
Secret coders. Paths & portals / Gene Luen Yang & Mike Holmes.;Yang, Gene Luen;1626720762, 1626723400, 9781626720763, 9781626723405;2016
Solomon Snow and the stolen jewel / Kaye Umansky.;Umansky, Kaye;0763627933, 9780763627935;2006
What strange creatures / Emily Arsenault.;Arsenault, Emily;0062283235, 9780062283238;2014
Rising strong / Brené Brown.;Brown, Brené;0812995821, 9780812995824;2015
Marie Curie / John Allen.;Allen, John, 1957-;1601529546, 9781601529541;2016
"Snow day / Jessie Haas ; illustrated by Alison Friend.";Haas, Jessie;0763673641, 9780763673642;2016
Circling the sun : a novel / Paula McLain.;McLain, Paula;0345534182, 9780345534187;2015
"Private Joel and the Sewell Mountain seder / by Bryna J. Fireside ; illustrations by Shawn Costello.";Fireside, Bryna J.;0822572400, 9780822572404;2008
The Jolley-Rogers and the monster's gold / Jonny Duddle.;Duddle, Jonny;0763692921, 9780763692926;2017
A gentleman's guide to scandal / Kathleen Kimmel.;Kimmel, Kathleen;1101986816, 9781101986813;2016
Aaron is cool / by P.D. Eastman.;Eastman, P. D. (Philip D.);0553512374, 0553512382, 9780553512373, 9780553512380, 9780553512397;2015
"Oxford atlas of the world / cartography by Philip's ; gazetteer of nations text, Keith Lye/Philip's.";George Philip & Son;0190263555, 9780190263553;2015
Battle of the super heroes! / by Yale Stewart.;Stewart, Yale;1479557315, 1479557358, 9781479557318, 9781479557356;2014
Wen Redmond's digital fiber art : combine photos & fabric : create your own mixed-media masterpiece / Wen Redmond.;Redmond, Wen;1617452696, 9781617452697;2016
"White stallion of Lipizza / Marguerite Henry ; illustrated by Wesley Dennis.";Henry, Marguerite, 1902-1997,;1481403923, 9781481403924;2015
A big day for baseball / Mary Pope Osborne.;Osborne, Mary Pope;1524752185, 9781524752187;2017
Twenty four frames under : a buried history of film music / Russell Lack.;Lack, Russell, 1964-;704380455;1997
Cycling / by Clive Gifford.;Gifford, Clive;1607531909, 9781607531906;2012
Second impact / Perri Klass, David Klass.;Klass, Perri, 1958-;0374379963, 9780374379964;2013
"Platinum end. 3 / story, Tsugumi Ohba ; art, Takeshi Obata ; [translation, Stephen Paul ; touch-up and lettering, James Gaubatz].";?ba, Tsugumi;1421592088, 9781421592084;2017
Tom Kundig : works / Tom Kundig.;Kundig, Tom;1616893451, 9781616893453;2015
"Churches in rock : early Christian art in Ethiopia / Georg Gerster, with contributions by David R. Buxton [and 7 others] ; preface by the Emperor ??y?a ?ell?s? I ; translated by Richard Hosking.";Gerster, Georg, 1928-;0714813818, 9780714813813;1970
Mister Tender's girl / Carter Wilson.;Wilson, Carter (Novelist);149265650X, 9781492656500;2018
"The disaster artist : my life inside The Room, the greatest bad movie ever made / Greg Sestero & Tom Bissell ; [with a new introduction by James Franco].";Sestero, Greg, 1978-;1501184652, 9781501184659;2017
Veiled / Benedict Jacka.;Jacka, Benedict;0425275752, 9780425275757;2015
We all move / Rebecca Rissman.;Rissman, Rebecca;1432921509, 1432921568, 9781432921507, 9781432921569;2009
"Building emotional intelligence : techniques to cultivate inner strength in children / Linda Lantieri ; introduction and guided practices by Daniel Goleman.";Lantieri, Linda;1591797896, 9781591797890;2008
"Look! flowers! / by Stephanie Calmenson ; illustrated by Puy Pinillos.";Calmenson, Stephanie;1499801157, 9781499801156;2016
"Frankenthaler : a catalogue raisonné : prints, 1961-1994 / Pegram Harrison ; introduction by Suzanne Boorsch.";Harrison, Pegram;810933322;1996
"Ann and Seamus / Kevin Major ; art by David Blackwood.";Major, Kevin;088899561X;2003
The art of stand up paddling : a complete guide to SUP on lakes, rivers, and oceans / Ben Marcus.;Marcus, Ben, 1960-;1493008323, 9781493008322;2016
"The girl who played go / Shan Sa ; translated from the French by Adriana Hunter.";Shan, Sa, 1972-;1400040256;2003
The lying game / Ruth Ware.;Ware, Ruth;1501156004, 9781501156007;2017
The normal state of mind / Susmita Bhattacharya.;Bhattacharya, Susmita, 1974-;1909844624, 9781909844629;2015
Good times at Green Lake : recipes for Seattle's favorite park / Susan Banks and Carol Orr.;Banks, Susan, 1954-;874222354;2000
The night of Las Posadas / written and illustrated by Tomie dePaola.;DePaola, Tomie, 1934-;399234004;1999
Methods & theories of art history / Anne D'Alleva.;D'Alleva, Anne;1856698998, 9781856698993;2012
"Gulliver's travels / Jonathan Swift ; edited with an introduction and notes by Robert DeMaria, Jr.";Swift, Jonathan, 1667-1745;0140437347, 0141439491, 9780140437348, 9780141439495;2003
"Qu? tr?ng bí ?n : nh?ng m?u chuy?n vui c?a Cáo và Th? / Sylvia Vanden Heede ; minh h?a, Thé Tjong-Khing ; [d?ch gi?, Ngô Anh Thi].";Heede, Sylvia Vanden;6042085859, 9786042085854;2017
"The diary of Dawid Sierakowiak : five notebooks from the ?ód? ghetto / edited and with an introduction by Alan Adelson ; translated from the Polish original by Kamil Turowski ; foreword by Lawrence L. Langer.";Sierakowiak, Dawid;195104501;1996
Indian treaties : two centuries of dishonor / Rupert Costo, Jeannette Henry.;Costo, Rupert;913436232;1977
The virginity of famous men : stories / Christine Sneed.;Sneed, Christine, 1971-;1620406950, 1620406969, 9781620406953, 9781620406960;2016
Dark harbor / Stuart Woods.;Woods, Stuart;0451218701, 9780451218704;2006
"Valerian : the complete collection. Volume 3 / script, Pierre Christin ; artwork, Jean-Claude Mézières ; colours, Évelyne Tranlé ; translator: Jerome Saincantin.";Christin, Pierre;1849183570, 9781849183574;2017
Return to the Isle of the Lost : a Descendants novel / Melissa de la Cruz.;De la Cruz, Melissa, 1971-;1484750713, 9781484750711;2016
Saints for all occasions / J. Courtney Sullivan.;Sullivan, J. Courtney;030794980X, 0307959570, 9780307949806, 9780307959577;2017
"Selected works of Ba Jin / [translated by Sidney Shapiro and Wang Mingjie ; illustrations by Liu Danzhai and Huang Yinghao].";Ba, Jin, 1904-2005;0835113191, 711900574X;1988
Mr Brown can moo! Can you? By Dr. Seuss.;Seuss, Dr.;0394806220, 9780394806228;1970
Escaping peril / by Tui T. Sutherland.;Sutherland, Tui, 1978-;0545685443, 9780545685443;2016
Earth's water crisis / Rob Bowden.;Bowden, Rob, 1973-;0836877543, 0836877616, 0836881540, 9780836877540, 9780836877618, 9780836881547;2007
"10 routes that crossed the world / Gillian Richardson ; art by Kim Rosen.";Richardson, Gillian;155451875X, 1554518768, 9781554518753, 9781554518760;2017
La belleza de saber vivir / Bárbara Palacios.;Palacios, Bárbara;1602552932, 9781602552937;2010
Adults just wanna have fun : programs for emerging adults / Audrey Barbakoff.;Barbakoff, Audrey;0838913911, 9780838913918;2016
Call me Mrs. Miracle / Debbie Macomber.;Macomber, Debbie;0778328198, 9780778328193;2010
"India / by Chloe Perkins ; illustrated by Tom Woolley.";Perkins, Chloe;1481470892, 1481470906, 9781481470896, 9781481470902;2016
"Kyoto : city of Zen : visiting the heritage sites of Japan's ancient capital / Judith Clancy ; photography by Ben Simmons.";Clancy, Judith;4805309784, 9784805309780;2012
Career of evil / Robert Galbraith.;Galbraith, Robert;0316349933, 0316353728, 0316391379, 9780316349932, 9780316353724, 9780316391375;2015
What's your problem? : cut through red tape, challenge the system, and get your money back / Jon Yates.;Yates, Jon;0062009885, 9780062009883;2011
In the unlikely event : [a novel] / Judy Blume.;Blume, Judy;1101914041, 1101914068, 9781101914045, 9781101914069;2015
"Jinx and the Doom fight crime! / story by Lisa Mantchev ; pictures by Samantha Cotterill.";Mantchev, Lisa;1481467018, 9781481467018;2018
More than meets the eye : seeing art with all five senses / Bob Raczka.;Raczka, Bob;761327975;2003
Cold, crunchy, colorful : using our senses / Jane Brocket.;Brocket, Jane;1467702331, 9781467702331;2014
Fantom pam?i?ati / Aleksandra Marinina.;Marinina, Aleksandra;5699008314;2002
Amazing dogs / by Laura Buller.;Buller, Laura;1465445951, 146544596X, 9781465445957, 9781465445964;2016
The visual display of quantitative information / Edward R. Tufte.;Tufte, Edward R., 1942-;961392142;2001
Half a world away / Cynthia Kadohata.;Kadohata, Cynthia;1442382562, 9781442382565;2014
Coming out Christian in the Roman world : how the followers of Jesus made a place in Caesar's empire / Douglas Boin.;Boin, Douglas;162040317X, 9781620403174;2015
Pages, keynote & numbers for OS X and iOS / Dwight Spivey.;Spivey, Dwight;0071835709, 9780071835701;2014
"Twenty big trucks in the middle of the street / Mark Lee ; illustrated by Kurt Cyrus.";Lee, Mark, 1950-;076365809X, 9780763658090;2013
The rise of Rome : the making of the world's greatest empire / Anthony Everitt.;Everitt, Anthony;1400066638, 9781400066636;2012
"Goldfish Ghost / Lemony Snicket ; illustrated by Lisa Brown.";Snicket, Lemony;1626725071, 9781626725072;2017
The incarnations / Susan Barker.;Barker, Susan, 1978-;1501106783, 1501106791, 9781501106781, 9781501106798;2015
How to build unicycles and artistic bicycles / by Jack Wiley.;Wiley, Jack;091399913X;1985
"I am not your negro : a major motion picture directed by Raoul Peck / from texts by James Baldwin ; compiled and edited by Raoul Peck.";Baldwin, James, 1924-1987,;0525434690, 9780525434696;2017
"Froggy rides a bike / by Jonathan London ; illustrated by Frank Remkiewicz.";London, Jonathan, 1947-;0142410675, 1448723612, 9780142410677, 9781448723614;2008
"Rosie Revere's big project book for bold engineers / by Andrea Beaty ; illustrated by David Roberts.";Beaty, Andrea;1419719106, 9781419719103;2017
An elemental thing / Eliot Weinberger.;Weinberger, Eliot;0811216942, 9780811216944;2007
The man who invented Christmas : how Charles Dickens's A Christmas carol rescued his career and revived our holiday spirits / Les Standiford.;Standiford, Les;1524762466, 9781524762469;2017
The devil's diadem / Sara Douglass.;Douglass, Sara;0062004336, 9780062004338;2011
Henry in love / Peter McCarty.;McCarty, Peter;0061142883, 0061142891, 9780061142888, 9780061142895;2010
Paint with the Impressionists : a step-by-step guide to their methods and materials for today's artists / Jonathan Stephenson.;Stephenson, Jonathan;050028878X, 9780500288788;2010
Clutterfree with kids / Joshua Becker.;Becker, Joshua;0991438604, 9780991438600;2014
"Hooray for bread / Allan Ahlberg ; illustrated by Bruce Ingman.";Ahlberg, Allan;0763663115, 9780763663117;2013
"Home cooked : essential recipes for a new way to cook / Anya Fernald with Jessica Battilana ; photography by Brown W. Cannon III.";Fernald, Anya;1607748401, 9781607748403;2016
This thing called the future / a novel by J.L. Powers.;Powers, J. L. (Jessica Lynn), 1974-;1933693959, 9781933693958;2011
The gullywasher / written and illustrated by Joyce Rossi.;Rossi, Joyce;0873586077, 0873587286, 9780873586078, 9780873587280;1995
"Avatar, the last airbender. The promise. Part two / script, Gene Luen Yang ; art and cover, Gurihiru ; lettering, Michael Heisler.";Yang, Gene Luen;1595828753, 9781595828750;2012
"Miss Brooks loves books! (and I don't) / story by Barbara Bottner ; illustrations by Michael Emberley.";Bottner, Barbara;0375846824, 0375946829, 9780375846823, 9780375946820;2010
Animalia / Graeme Base.;Base, Graeme;810918684;1987
"Bowstring : on the dissimilarity of the similar / Viktor Shklovsky ; translated by Shushan Avagyan.";Shklovski?, Viktor, 1893-1984;1564784258, 9781564784254;2011
The second book of crystal spells : more magical uses for stones, crystals, minerals... and even salt / Ember Grant.;Grant, Ember, 1971-;0738746266, 9780738746265;2016
"The emperor of sound : a memoir / Timbaland ; with Veronica Chambers.";Timbaland, 1972-;0061936960, 9780061936968;2015
A very Fuddles Christmas / written and illustrated by Frans Vischer.;Vischer, Frans;1416991565, 9781416991564;2013
Blood : the stuff of life / Lawrence Hill.;Hill, Lawrence, 1957-;1770893229, 1770893237, 9781770893221, 9781770893238;2013
"A manifold voice; studies in Commonwealth literature.";Walsh, William, 1916-1996;389013323;1970
I'm chocolate, you're vanilla : raising healthy Black and biracial children in a race-conscious world / Marguerite A. Wright.;Wright, Marguerite A.;0787941964, 9780787952341;1998
"The food & cooking of Russia : discover the rich and varied character of Russian cuisine, in 60 authentic recipes and 300 glorious photographs / Elena Makhonko ; with photographs by Jon Whitaker.";Makhonko, Elena;1903141575, 9781903141571;2008
Collusion : secret meetings, dirty money, and how Russia helped Donald Trump win / Luke Harding.;Harding, Luke, 1968-;0525562516, 9780525562511;2017
What she ate : six remarkable women and the food that tells their stories / Laura Shapiro.;Shapiro, Laura;0525427643, 9780525427643;2017
Conclave / Robert Harris.;Harris, Robert, 1957-;1524757357, 9781524757359;2016
Water / James G. Workman.;Workman, James G.;1599351153, 9781599351155;2010
Gardens of the National Trust / Stephen Lacey.;Lacey, Stephen, 1957-;1907892095, 9781907892097;2011
"Un avestruz con mucha luz / [del texto], José Carlos Andrés ; [de las ilustraciones], Bea Enríquez.";Andrés, José Carlos, 1969-;8494541587, 9788494541582;2017
Local knowledge : a skipper's reference : Tacoma to Ketchikan / Kevin Monahan.;Monahan, Kevin, 1951-;1932310118, 9781932310115;2005
"Annie / based on the original story by Thomas Meehan ; adapted by Bonnie Bader ; illustrated by Katie Kath.";Bader, Bonnie, 1961-;0448482231, 044848224X, 9780448482231, 9780448482248;2015
Nature adventures / Mick Manning & Brita Granström.;Manning, Mick;1847800882, 9781847800886;2011
No biting! / by Karen Katz.;Katz, Karen;0448455811, 9780448455815;2011
Gabriel's ghost / Linnea Sinclair.;Sinclair, Linnea, 1954-;0553587978, 9780553587975;2008
Here's to us : a novel / Elin Hilderbrand.;Hilderbrand, Elin;0316375144, 9780316375146;2016
Women in science : 50 fearless pioneers who changed the world / written and illustrated by Rachel Ignotofsky.;Ignotofsky, Rachel, 1989-;1607749769, 9781607749769;2016
Charlie Bone and the beast / Jenny Nimmo.;Nimmo, Jenny;0545072204, 9780545072205;2008
"The poison frog mystery / created by Gertrude Chandler Warner ; illustrated by Charles Tang.";Warner, Gertrude Chandler, 1890-1979;0807565873, 9780807565872;2000
Real estate license exams / by John A. Yoegel, PhD, certified real estate instructor.;Yoegel, John A.;1119370655, 9781119370659;2017
Darkstalker / by Tui T. Sutherland.;Sutherland, Tui, 1978-;1338053612, 9781338053616;2016
"Guardians of the Galaxy. [Vol. 3] / adapted by Joe Caramagna ; animation art produced by Marvel Animation.";Caramagna, Joe;0785199144, 1518223184, 9780785199144, 9781518223181;2016
The white Mary / a novel by Kira Salak.;Salak, Kira, 1971-;0805088474, 9780805088472;2008
Island of shipwrecks / Lisa McMann.;McMann, Lisa;1442377542, 9781442377547;2015
Destiny of the republic : a tale of madness, medicine, and the murder of a president / Candice Millard.;Millard, Candice;0385526261, 9780385526265;2011
"Tadeo's search for circles / by Marion Brooker ; illustrated by Kyrsten Brooker.";Brooker, Marion, 1932-;1554551730, 9781554551736;2011
Operation Trinity / Clifford Riley.;Riley, Clifford;0545431433, 9780545431439;2012
Salt houses / Hala Alyan.;Alyan, Hala, 1986-;0544912586, 9780544912588;2017
"The walking dead. [Volume 24, Life and death] / Robert Kirkman, creator, writer ; Charlie Adlard, penciler ; Stefano Gaudiano, inker ; Cliff Rathburn, gray tones ; Rus Wooton, letterer.";Kirkman, Robert;1632154021, 9781632154026;2015
Health stories : readings and language activities for healthy choices : introductory workbook / Ann Gianola.;Gianola, Ann;156420703X, 9781564207036;2007
"The Tao of Bill Murray : real-life stories of joy, enlightenment, and party crashing / by Gavin Edwards ; illustrations by R. Sikoryak.";Edwards, Gavin, 1968-;0812998707, 9780812998702;2016
Chess for dummies / by James Eade.;Eade, James;1118016955, 9781118016954;2011
Glitterville's handmade Christmas : a glittered guide for whimsical crafting / Stephen Brown.;Brown, Stephen;1449414559, 9781449414559;2014
Bear is not tired / Ciara Gavin.;Gavin, Ciara;0385754760, 0385754779, 9780385754767, 9780385754774;2016
Barron's SAT 1600 : aiming for the perfect score / Linda Carnevale, M.A., former English teacher, Cold Spring Harbor High School, Cold Spring Harbor, New York, Roselyn Teukolsky, M.S., former math teacher, Ithaca High School, Ithaca, New York.;Carnevale, Linda;1438009992, 9781438009995;2017
The girl in Times Square / Paullina Simons.;Simons, Paullina, 1963-;0062444352, 9780062444356;2017
Explore New England / Mike Dunphy.;Dunphy, Mike,;1780056834, 9781780056838;2017
The pretty app / Katie Sise.;Sise, Katie;0062195298, 9780062195296;2015
Reclaiming conversation : the power of talk in a digital age / Sherry Turkle.;Turkle, Sherry;1594205558, 9781594205552;2015
See me / Nicholas Sparks.;Sparks, Nicholas;1455520616, 9781455520619;2015
Carver, a life in poems / Marilyn Nelson.;Nelson, Marilyn, 1946-;1886910537;2001
Science dictionary for kids / Laurie E. Westphal.;Westphal, Laurie E., 1967-;1593633793, 9781593633790;2009
"Light on the Indian world : the essential writings of Charles Eastman (Ohiyesa) / edited by Michael Oren Fitzgerald ; introduction by Janine Pease Pretty On Top.";Eastman, Charles A., 1858-1939;941532305;2002
"The football encyclopedia : the complete history of professional football from 1892 to the present / David S. Neft, Richard M. Cohen, and Rick Korch ; editorial consultants, Bob Carroll and John G. Hogrogian.";Neft, David S.;312114354;1994
After the game / by Abbi Glines.;Glines, Abbi;148143893X, 9781481438933;2017
Dangerous ambition : Dorothy Thompson and Rebecca West : new women in search of love and power / Susan Hertog.;Hertog, Susan;0345459865, 9780345459862;2011
Sixty poems / Charles Simic.;Simic, Charles, 1938-;0156035642, 9780156035644;2007
"I love you like a pig / written by Mac Barnett ; illustrated by Greg Pizzoli.";Barnett, Mac;0062354833, 9780062354839;2017
"Central America / editor: Sarah Clark ; authors: Nicholas Gill and AnneLise Sorensen.";Gill, Nicholas;1786716186, 9781786716187;2017
What the shepherd saw / Selma Lagerlöf, Maja Dusíková.;Lagerlöf, Selma, 1858-1940,;073584190X, 9780735841901;2014
A branch of the Wright tree / by Betty Ammerman, Dixie Clinton, Phyllis Heiss.;Ammerman, Betty Beason, 1929-;;1972
"Symphony no. 3 ; Vocalise / Rachmaninov.";Rachmaninoff, Sergei, 1873-1943;8,71825E+12;2010, 1975
Declan's Cross / Carla Neggers.;Neggers, Carla;0778314634, 9780778314639;2013
Adivina qué está creciendo dentro de este huevo / por Mia Posada.;Posada, Mia;076133906X, 9780761339069;2008
"FukuFuku : kitten tales. 2 / Konami Kanata ; translation, Marlaina McElheny.";Konami, Kanata, 1958-;1942993633, 9781942993636;2017
Z?kun no ?kaze sanpo / Nakano Hirotaka saku e.;Nakano, Hirotaka, 1942-;4834025470, 9784834025477;2010
At home on the range / a cookbook presented by Elizabeth Gilbert, by her great-grandmother Margaret Yardley Potter.;Potter, Margaret Yardley;1936365898, 9781936365890;2012
Salt water taffy : the seaside adventures of Jack and Benny. [Vol. 2], A climb up Mt. Barnabus / written & illustrated by Matthew Loux.;Loux, Matthew;1934964034, 9781934964033;2008
Contagious : a novel / Scott Sigler.;Sigler, Scott;0307406318, 9780307406316;2008
Physical bullying / Jennifer Rivkin.;Rivkin, Jennifer;0778779149, 077877919X, 9780778779148, 9780778779193;2013
"Tom Clancy's Op-center. War of eagles / created by Tom Clancy and Steve Pieczenik ; written by Jeff Rovin.";Rovin, Jeff;0425199622, 9780425199626;2005
"Let's count goats! / words by Mem Fox ; goats by Jan Thomas.";Fox, Mem, 1946-;1442405988, 9781442405981;2010
"Take care / Madelyn Rosenberg ; pictures by Giuliana Gregori";Rosenberg, Madelyn, 1966-;0807577324, 9780807577325;2018
Lock in / John Scalzi.;Scalzi, John, 1969-;1410478343, 9781410478344;2015
Wet / Carey Sookocheff.;Sookocheff, Carey, 1972-;1627797750, 9781627797757;2017
A primary source history of Westward expansion / by Steven Otfinoski.;Otfinoski, Steven;1491418419, 1491418451, 9781491418413, 9781491418451, 9781491418499;2015
Finding freedom : an Addy classic. Volume 1 / by Connie Porter.;Porter, Connie Rose, 1959-;1609584147, 9781609584146;2014
CatStronauts. [Book 1], Mission Moon / by Drew Brockington.;Brockington, Drew;0316307459, 0316307475, 9780316307451, 9780316307475;2017
Wolf storm / Dee Garretson.;Garretson, Dee;0062000322, 9780062000323;2011
"Egghead : or, you can't survive on ideas alone / Bo Burnham ; drawings by Chance Bone.";Burnham, Bo, 1990-;1455519146, 9781455519149;2013
The complete air fryer cookbook : amazingly easy recipes to fry, bake, grill, and roast with your air fryer / Linda Larsen.;Larsen, Linda, 1958-;1623157439, 9781623157432;2016
Disney Descendants : a novelization / adapted by Rico Green.;Green, Rico;1484726146, 9781484726143;2015
"Gifts of the crow : how perception, emotion, and thought allow smart birds to behave like humans / John Marzluff and Tony Angell ; illustrated by Tony Angell.";Marzluff, John M.;143919873X, 9781439198735;2012
"Your baby's first word will be Dada / Jimmy Fallon ; illustrated by Miguel Ordóñez.";Fallon, Jimmy;1250009340, 9781250009340;2015
The slave ship : a human history / Marcus Rediker.;Rediker, Marcus;0670018236, 9780670018239;2007
Ghost rider : travels on the healing road / Neil Peart.;Peart, Neil;1550225464, 1550225480, 9781550225464, 9781550225488;2002
Reduce, reuse, recycle / Helen Lanz.;Lanz, Helen;1597713031, 9781597713030;2012
"Countrymen / Bo Lidegaard ; translated from the Danish by Robert Mass.";Lidegaard, Bo, 1958-;0385350155, 9780385350150;2013
"The little old lady behaving badly : a novel / Catharina Ingelman-Sundberg ; translated from the Swedish by Rod Bradbury.";Ingelman-Sundberg, C.;006269233X, 9780062692337;2018
The fire by night / Teresa Messineo.;Messineo, Teresa;0062459104, 9780062459107;2017
What comes next and how to like it : a memoir / Abigail Thomas.;Thomas, Abigail;1476785058, 9781476785059;2015
"Day of the Dragon King / by Mary Pope Osborne ; illustrated by Sal Murdocca.";Osborne, Mary Pope;0679890513, 0679990518, 9780679890515, 9780679990512;1998
Coin and stamp collectors' electronic album : computerize your collections with this introduction to using your PC for your hobbies / Mark Rose, Gordon White.;Rose, Mark;1887132007;1996
The last days of Patton / Ladislas Farago.;Farago, Ladislas;0070199408, 0070199418;1981
Klaviersonaten / Nach eigenschriften und erstausgaben hrsg. von Paul Mies. Fingersatz von Hans-Martin Theopold.;Schubert, Franz, 1797-1828;;1961
"Seven voices; seven Latin American writers talk to Rita Guibert. / Translated from the Spanish by Frances Partridge. Introd. by Emir Rodríguez Monegal.";Guibert, Rita;394468880;1973
"Edible wild plants of the prairie : an ethnobotanical guide / Kelly Kindscher ; drawings by Carol Kuhn.";Kindscher, Kelly;0700603247, 0700603255;1987
"Moxy Maxwell does not love writing thank-you notes / by Peggy Gifford ; photographs by Valorie Fisher.";Gifford, Peggy Elizabeth;0375842705, 0375945520, 9780375842702, 9780375945526;2008
Melmoth : a novel / Sarah Perry.;Perry, Sarah, 1979-;0062856391, 0062856405, 0062856421, 9780062856395, 9780062856401, 9780062856425;2018
Floods / Angela Royston.;Royston, Angela, 1945-;1595665846, 9781595665843;2008
Symmetries of culture : theory and practice of plane pattern analysis / Dorothy K. Washburn, Donald W. Crowe.;Washburn, Dorothy Koster;029596586X;1988
The age of overwhelm : strategies for the long haul / Laura Van Dernoot Lipsky.;Lipsky, Laura van Dernoot;1523094737, 9781523094738;2018
Thomas Jefferson and Sally Hemings : an American controversy / Annette Gordon-Reed.;Gordon-Reed, Annette;813916984;1997
The world of William Hogarth / William Gaunt.;Gaunt, William, 1900-1980.;224014455;1978
Buster the very shy dog finds a kitten / by Lisze Bechtold.;Bechtold, Lisze;0544336046, 0544336054, 1480676454, 9780544336049, 9780544336056, 9781480676459;2015
I ach'im ch'ukpok ch'?r?m kkotpi ka : Chang Y?ng-h?i ka namgin munhak ?i hyanggi / Chang Y?ng-h?i.;Chang, Y?ng-h?i, 1952-2009;8946417765, 9788946417762;2010
The round house / Louise Erdrich.;Erdrich, Louise;0062065246, 9780062065247;2012
Hippie food : how back-to-the-landers, longhairs, and revolutionaries changed the way we eat / Jonathan Kauffman.;Kauffman, Jonathan;0062437305, 9780062437303;2018
"Cloudy with a chance of boys / Megan McDonald ; [illustrations by Pamela A. Consolazio].";McDonald, Megan;0763646156, 9780763646158;2011
When all the girls have gone / Jayne Ann Krentz.;Krentz, Jayne Ann;0399174494, 9780399174490;2016
Seattle's Greenwood-Phinney Neighborhood / Ted Pedersen.;Pedersen, Ted;0738548103, 9780738548104;2008
Salt & silver : Latin America / Johannes Riffelmacher, Thomas Kosikowski.;Riffelmacher, Johannes;1449471218, 9781449471217;2016
Monkey mind : a memoir of anxiety / Daniel Smith.;Smith, Daniel B., 1977-;1439177309, 9781439177303;2012
The black painting / Neil Olson.;Olson, Neil, 1964-;1335953817, 9781335953810;2018
London's triumph : merchants, adventurers, and money in Shakespeare's city / Stephen Alford.;Alford, Stephen, 1970-;162040821X, 9781620408216;2017
"Pinny in summer / [written by] Joanne Schwartz ; [illustrated by] Isabelle Malenfant.";Schwartz, Joanne (Joanne F.), 1960-;1554987822, 9781554987825;2016
"Perseus the hero : an interactive mythological adventure / by Nadia Higgins ; Illustrated by Nadine Takvorian.";Higgins, Nadia;1491481129, 149148117X, 9781491481127, 9781491481172;2017
Dentist's tools / Mary Elizabeth Salzmann.;Salzmann, Mary Elizabeth, 1968-;1616135786, 9781616135782;2011
Lancia Beta owners workshop manual : models covered, UK Lancia Beta Saloon, Coupe, HPE and Spider, Series A and B models with 1297cc, 1301cc, 1438cc, 1585cc, 1592cc, 1756cc and 1995cc engines, USA Lancia Beta Sedan, Coupe and HPE models with 107 cu.in. (1.8 liter) and 122 cu.in. (2 liter) engines, covers most features of Zagato models, does not cover Monte Carlo/Scorpion models / P.M. Methuen.;Methuen, Philip;856965332;1981
Thomas Merton and the monastic vision / Lawrence S. Cunningham.;Cunningham, Lawrence;802802222;1999
The stoneworker's bible / by J. M. Nickey.;Nickey, J. M.;0830612262, 0830697144;1979
The sky is everywhere / Jandy Nelson.;Nelson, Jandy;0142417807, 9780142417805;2011
De fronteras / Claudia Hernández.;Hernández, Claudia, 1975-;9789992212073, 9992212071;2007
The twelve dogs of Christmas / David Rosenfelt.;Rosenfelt, David;1427280282, 9781427280282;2016
"Me first! : prefixes lead the way / by Robin Pulver ; illustrated by Lynn Rowe Reed.";Pulver, Robin;0823436446, 9780823436446;2016
The monastery of the heart : an invitation to a meaningful life / Joan Chittister.;Chittister, Joan;1933346345, 9781933346342;2011
Tornado! : the story behind these twisting, turning, spinning, and spiraling storms / by Judith Bloom Fradin & Dennis Brindell Fradin.;Fradin, Judith Bloom;1426307799, 1426307802, 9781426307799, 9781426307805;2011
"Something to prove : the great Satchel Paige vs. rookie Joe DiMaggio / Robert Skead ; illustrated by Floyd Cooper.";Skead, Robert;0761366199, 9780761366195;2013
True believer / Virginia Euwer Wolff.;Wolff, Virginia Euwer;0689852886, 9780689852886;2002
"Star Wars, Dawn of the Jedi. Book one, Force storm / story, John Ostrander & Jan Duursema ; script, John Ostrander ; pencils, Jan Duursema ; inks, Dan Parsons ; colors, Wes Dzioba ; letters, Michael Heisler ; cover art, Gonzalo Flores ; back cover art, Jan Duursema.";Ostrander, John;1595829792, 9781595829795;2012
"Pacific overtures / music and lyrics by Stephen Sondheim ; book by John Weidman ; additional material by Hugh Wheeler.";Sondheim, Stephen;1559360259, 1559360267;1991
"Fascism : a warning / Madeleine Albright ; with Bill Woodward.";Albright, Madeleine Korbel;0062802186, 9780062802187;2018
"Fiorello's sister : Gemma La Guardia Gluck's story / Gemma La Guardia Gluck ; edited by Rochelle G. Saidel.";Gluck, Gemma La Guardia, 1881-1962;0815608616, 9780815608615;2007
Concrete mixers / by Quinn M. Arnold.;Arnold, Quinn M.;1566609399, 1608188876, 1628325038, 9781566609395, 9781608188871, 9781628325034;2018
Historical dictionary of the Republic of Korea / by Andrew C. Nahm.;Nahm, Andrew C.;810826038;1993
The murder man / Tony Parsons.;Parsons, Tony, 1953-;1250052327, 9781250052322;2014
Are we there, Yeti? / Ashlyn Anstee.;Anstee, Ashlyn;1481430890, 9781481430890;2015
"Lính b?n t?a m? : t? truy?n c?a m?t huy?n tho?i SEAL = American sniper / Chris Kyle v?i Jim DeFelice và Scott McEwen ; Tr?n Thái, d?ch.";Kyle, Chris, 1974-2013,;6047732712, 9786047732715;2017
A woman of no importance / by Oscar Wilde.;Wilde, Oscar, 1854-1900;1580813097, 9781580813099;1996
Dreaming the Beatles : a love story of one band and the whole world / Rob Sheffield.;Sheffield, Rob;0062207652, 9780062207654;2017
Prelude for a Lord : a novel / Camille Elliot.;Elliot, Camille;0310320356, 9780310320357;2014
Anthropology / Dan Rhodes.;Rhodes, Dan, 1972-;375504214;2000
"Creepy carrots! / words, Aaron Reynolds ; pictures, Peter Brown.";Reynolds, Aaron, 1970-;1442402970, 9781442402973;2012
"The picnic / by Bobby Lynn Maslen ; pictures by John R. Maslen.";Maslen, Bobby Lynn;0439175879, 0439865417, 9780439175876, 9780439865418;2006
Ask a Mexican! / Gustavo Arellano.;Arellano, Gustavo, 1979-;1416540032, 9781416540021, 9781416540038;2008
Mina : a novel / Jonatha Ceely.;Ceely, Jonatha;038533690X;2004
The solution revolution : how business, government, and social enterprises are teaming up to solve society's toughest problems / William D. Eggers and Paul Macmillan.;Eggers, William D.;1422192199, 9781422192191;2013
"Who was Alexander the Great? / by Kathryn Waterfield and Robin Waterfield ; illustrated by Andrew Thomson.";Waterfield, Kathryn;0399542353, 0448484234, 151822587X, 9780399542350, 9780448484235, 9781518225871;2016
Ruthless : scientology, my son David Miscavige, and me / Ron Miscavige, with Dan Koon.;Miscavige, Ron;1250096936, 9781250096937;2016
The girl with the lower back tattoo / Amy Schumer.;Schumer, Amy;1508222002, 9781508222002;2016
Unpeopled eden / Rigoberto González.;González, Rigoberto;1935536362, 9781935536369;2013
The Amber Road / Harry Sidebottom.;Sidebottom, Harry;1468309471, 9781468309478;2015
R is for rocket : an ABC book / by Tad Hills.;Hills, Tad;0553522280, 0553522299, 9780553522280, 9780553522297;2015
The young entrepreneur's guide to starting and running a business : turn your ideas into money! / Steve Mariotti with Debra DeSalvo.;Mariotti, Steve, 1953-;0385348541, 9780385348546;2014
Delavier's core training anatomy / Frédéric Delavier, Michael Gundill.;Delavier, Frédéric;1450413994, 9781450413992;2010
Birthdays : beyond cake and ice cream / Nikki Tate & Dani Tate-Stratton.;Tate, Nikki, 1962-;1459812972, 9781459812970;2017
Mechanics of track support, piles, and geotechnical data.;National Research Council (U.S.). Transportation Research Board;309029880;1979
Living a life of awareness / Don Miguel Ruiz Jr.;Ruiz, Miguel, Jr.;1938289234, 9781938289231;2013
"Star Wars : before the awakening / written by Greg Rucka ; illustrated by Phil Noto.";Rucka, Greg;148472822X, 9781484728222;2015
"Obama : only in America / by Carole Boston Weatherford ; illustrated by Robert T. Barrett.";Weatherford, Carole Boston, 1956-;0761456414, 9780761456414;2010
"Case of the clones / by Ada Hopper ; illustrated by Sam Ricks.";Hopper, Ada;1481471139, 1481471147, 9781481471138, 9781481471145;2016
Shadow of the fox / Julie Kagawa.;Kagawa, Julie;1335145168, 1335999264, 9781335145161, 9781335999269;2018
Tracks in the snow / Wong Herbert Yee.;Yee, Wong Herbert;0312371349, 1428758089, 1439585415, 9780312371340, 9781428758087, 9781439585412;2007
How to train your dragon / Cressida Cowell.;Cowell, Cressida;1478954000, 9781478954002;2013
Death and the afterlife : a cultural encyclopedia / Richard Taylor.;Taylor, Richard P.;874369398;2000
Let's celebrate Halloween / by J. Patrick Lewis.;Lewis, J. Patrick;0531226808, 0531230163, 9780531226803, 9780531230169;2018
Fire safety / Dana Meachen Rau.;Rau, Dana Meachen, 1971-;0761440917, 9780761440918;2010
San guo ji mi. Long nan ri / Ma Boyong.;Ma, Boyong, 1980-;7540483385, 9787540483388;2018
Creative doughcraft / Patricia Hughes.;Hughes, Patricia, 1942-;1861081227;1999
How to lose all your friends / by Nancy Carlson.;Carlson, Nancy L.;0140558624, 9780140558623;1997
A hope divided / Alyssa Cole.;Cole, Alyssa;149670746X, 9781496707468;2017
"Brazen : rebel ladies who rocked the world / Pénélope Bagieu ; [English translation by Montana Kane]";Bagieu, Pénélope;1626728682, 1626728690, 9781626728684, 9781626728691;2018
Tu hijo, tu espejo / Martha Alicia Chávez.;Chávez, Martha Alicia;0307475808, 9780307475800;2011
The snowflake mistake / Lou Treleaven & Maddie Frost.;Treleaven, Lou;1848863128, 9781848863125;2018
American histories : stories / John Edgar Wideman.;Wideman, John Edgar;1501178342, 9781501178344;2018
"Stick with me! / adapted by Courtney Carbone ; based on the teleplay by Alison Greenaway ; illustrated by Susan Hall.";Carbone, Courtney;0525578145, 0525578153, 9780525578147, 9780525578154;2018
Girls like me / Nina Packebush.;Packebush, Nina;1945805358, 9781945805356;2017
Boats, borders, and bases : race, the Cold War, and the rise of migration detention in the United States / Jenna M. Loyd and Alison Mountz.;Loyd, Jenna M., 1973-;0520287967, 0520287975, 9780520287969, 9780520287976;2018
Winter at the beach / Sheila Roberts.;Roberts, Sheila, 1951-;0778363260, 9780778363262;2018
Pug / by Ethan Long.;Long, Ethan;0823436454, 9780823436453;2016
World class marriage : how to create the relationship you always wanted with the partner you already have / Patty Howell and Ralph Jones.;Howell, Patty, 1943-;1442203250, 9781442203259;2010
"City of Ulysses / Teolinda Gersão ; translated from the Portuguese by Jethro Soutar and Annie McDermott.";Gersão, Teolinda;1943150176, 9781943150175;2017
Little kids first big book of bugs / by Catherine D. Hughes.;Hughes, Catherine D.;1426317239, 1426317247, 9781426317231, 9781426317248;2014
Mascelli's cine workbook / by Joseph V. Mascelli.;Mascelli, Joseph V.;960024018;1973
Lost connections : uncovering the real causes of depression-- and the unexpected solutions / Johann Hari.;Hari, Johann;1408878690, 163286830X, 9781408878699, 9781632868305;2018
The killing room / Peter May.;May, Peter, 1951-;1681440830, 9781681440835;2018
Murder on the Orient Express / Agatha Christie.;Christie, Agatha, 1890-1976;0062073494, 9780062073495;2011
A woman speaks : the lectures, seminars, and interviews of Anaïs Nin / edited with an introduction by Evelyn J. Hinz.;Nin, Anaïs, 1903-1977;0804006938, 0804006946, 9780804006934, 9780804006941;1980
Calm cure : the unexpected way to improve your health, your life and your world / Sandy C. Newbigging.;Newbigging, Sandy;1401953352, 9781401953355;2017
Beadwork / Pamela Clabburn.;Clabburn, Pamela;085263529X;1980
Here's to us : a novel / Elin Hilderbrand.;Hilderbrand, Elin;0316375144, 9780316375146;2016
Three wishes : a true story of good friends, crushing heartbreak, and astonishing luck on our way to love and motherhood / Carey Goldberg, Beth Jones, Pamela Ferdinand.;Goldberg, Carey, 1961-;0316079065, 9780316079068;2010
"Shoes : a celebration of pumps, sandals, slippers & more / by Linda O'Keeffe ; featuring photographs by Andreas Bleckmann.";O'Keeffe, Linda, 1951-;761101144;1996
"Lola en la biblioteca / Anna McQuinn ; ilustrado por Rosalind Beardshaw ; traducción de Eida del Risco.";McQuinn, Anna;1580892132, 1580892140, 9781580892131, 9781580892148;2008
Language hacking Spanish : a conversation course for beginners / Benny Lewis.;Lewis, Benny (Brendan Richard);1473633214, 9781473633216;2016
How to draw people in simple steps / Susie Hodge.;Hodge, Susie, 1960-;1782214739, 9781782214731;2017
Ice cream / Helen Dunmore.;Dunmore, Helen, 1952-2017;802117333;2002
What was it for / Adrienne Raphel.;Raphel, Adrienne,;0986086983, 9780986086984;2017
A pandemonium of parrots and other animals / illustrated by Hui Skipp.;Chang, Hui Yuan;1536202797, 9781536202793;2018
"The wishing-well spell / by Holly Anna ; illustrated by Genevieve Santos.";Anna, Holly;1534412654, 1534412662, 9781534412651, 9781534412668;2018
I'm dirty! / Kate & Jim McMullan.;McMullan, Kate;0060092939, 0060092947, 9780060092931, 9780060092948;2006
Working while black : the black person's guide to success in the white workplace / Michelle T. Johnson.;Johnson, Michelle T.;1556525109, 9781556525100;2004
Attachments / Rainbow Rowell.;Rowell, Rainbow;0525951989, 9780525951988;2011
Alexander Hamilton / Ron Chernow.;Chernow, Ron;1524708658, 9781524708658;2016
Beginning investing / Danielle L. Schultz, CFP, CDFA.;Schultz, Danielle L.;1615648836, 9781615648832;2016
December 7, 1941 : the day the Japanese attacked Pearl Harbor / Gordon W. Prange with Donald M. Goldstein and Katherine V. Dillon.;Prange, Gordon W. (Gordon William), 1910-1980;70506825;1988
The fastdiet : lose weight, stay healthy, and live longer with the simple secret of intermittent fasting / Michael Mosley, Mimi Spencer.;Mosley, Michael, 1957-;1476734941, 147673495X, 9781476734941, 9781476734958;2013
"Flat Stanley and the missing pumpkins / created by Jeff Brown ; by Lori Hasking Houran ; pictures by Macky Pamintuan.";Houran, Lori Haskins;0062365940, 0062365983, 9780062365941, 9780062365989;2017
"The girl who named Pluto : the story of Venetia Burney / written by Alice B. McGinty ; illustrated by Elizabeth Haidle.";McGinty, Alice B., 1963-;1524768316, 9781524768317;2019
"Doctor Dogbody's leg / James Norman Hall ; introduction by Dean King.";Hall, James Norman, 1887-1951;805055649;1998
"Public library enemy #1 / written by Caroline Adderson ; illustrated by Mike Shiell.";Adderson, Caroline, 1963-;1771380152, 9781771380157;2016
"Love's not color blind : race and representation in polyamorous and other alternative communities / by Kevin A. Patterson, M.Ed. ; with a foreword by Ruby Bouie Johnson.";Patterson, Kevin A.,;1944934464, 9781944934460;2018
Jack / Tomie dePaola.;DePaola, Tomie, 1934-;0399161546, 9780399161544;2014
Sea power : the history and geopolitics of the world's oceans / Admiral James Stavridis, USN (Ret.).;Stavridis, James;073522059X, 9780735220591;2017
"Games to play with toddlers / Jackie Silberg ; illustrated by Joan Waites.";Silberg, Jackie, 1934-;0876592345, 9780876592342;2002
"Revenge of the saguaro : offbeat travels through America's Southwest / Tom Miller ; foreword by Pete Hamill.";Miller, Tom, 1947-;1933693606, 9781933693606;2010
An other kingdom : departing the consumer culture / Peter Block, Walter Brueggemann, John McKnight.;Block, Peter, 1939-;1119194725, 9781119194729;2016
All stories are love stories : a novel / Elizabeth Percer.;Percer, Elizabeth;006227595X, 9780062275950;2016
"Measuring the world / Daniel Kehlmann ; translated from the German by Carol Brown Janeway.";Kehlmann, Daniel, 1975-;0307277399, 9780307277398;2007
The bridge home / Padma Venkatraman.;Venkatraman, Padma;1524738115, 1984813609, 9781524738112, 9781984813602;2019
Global warming legislation : carbon markets and producer groups : hearing before the Committee on Agriculture, Nutrition, and Forestry, United States Senate, One Hundred Eleventh Congress, first session, September 9, 2009;United States. Congress. Senate. Committee on Agriculture, Nutrition, and Forestry;0160882230, 9780160882234;2011
"Rooms for living : a style for today with things from the past / Suzanne Rheinstein ; principal photography by Pieter Estersohn.";Rheinstein, Suzanne;0847846393, 9780847846399;2015
Rocks, minerals and gems / John Farndon.;Farndon, John;1770857400, 9781770857407;2016
Shards of a broken crown / Raymond E. Feist.;Feist, Raymond E.;0380789833, 9780380789832;1999, 1998
Llama, llama red pajama / written and illustrated by Anna Dewdney.;Dewdney, Anna;670059838;2005
The great New Orleans kidnapping case : race, law, and justice in the Reconstruction era / Michael A. Ross.;Ross, Michael A. (Michael Anthony);0199778809, 9780199778805;2015
"The absolutely true diary of a part-time Indian / Sherman Alexie ; foreword by Jacqueline Woodson ; art by Ellen Forney.";Alexie, Sherman, 1966-;1478922680, 1478993529, 9781478922681, 9781478993520;2019
Piscinas vacías / Laura Ferrero.;Ferrero, Laura, 1984-;8420423874, 9788420423876;2016
Pope Francis / by Barbara Kramer.;Kramer, Barbara;1426322534, 1426322542, 9781426322532, 9781426322549;2015
"Bungalow bathrooms / Jane Powell ; with photographs by Linda Svendsen.";Powell, Jane, 1952-;1423606736, 9781423606734;2001
Recover! : stop thinking like an addict and reclaim your life with the perfect program / Stanton Peele, with Ilse Thompson.;Peele, Stanton;0738216755, 9780738216751;2014
The woman he loved before / Dorothy Koomson.;Koomson, Dorothy;1455507148, 9781455507146;2013
The wedding guest / Jonathan Kellerman.;Kellerman, Jonathan;052561849X, 9780525618492;2019
My brother Sam is dead / by James Lincoln Collier and Christopher Collier.;Collier, James Lincoln, 1928-;0027229807, 9780027229806;1985
"The knight at dawn / by Mary Pope Osborne ; illustrated by Sal Murdocca.";Osborne, Mary Pope;067982412X, 0679924124;1993
The house of broken angels / by Luis Alberto Urrea.;Urrea, Luis Alberto;1549196464, 1549196499, 9781549196461, 9781549196492;2018
A pale view of hills / Kazuo Ishiguro.;Ishiguro, Kazuo, 1954-;067972267X, 9780679722670;1990
"The story of life : a first book about evolution / Catherine Barr and Steve Williams ; illustrated by Amy Husband.";Barr, Catherine, 1951-;1847804853, 9781847804853;2015
Palladio's Venice : architecture and society in a Renaissance Republic / Tracy E. Cooper.;Cooper, Tracy Elizabeth;0300105827, 9780300105827;2005
The porpoise : a novel / Mark Haddon.;Haddon, Mark, 1962-;0385544316, 0385692676, 0525564403, 9780385544313, 9780385692670, 9780525564409;2019
Golden Hill : a novel of old New York / Francis Spufford.;Spufford, Francis, 1964-;1432847058, 9781432847050;2018
Duchamp : a biography / Calvin Tomkins.;Tomkins, Calvin, 1925-;0870708929, 9780870708923;2014
Skyscraper / Jorey Hurley.;Hurley, Jorey;1481470019, 9781481470018;2019
Freda & Jem's best of the week / by Lois Fine.;Fine, Lois,;1770915079, 9781770915077;2016
The Latino challenge to Black America / by Earl Ofari Hutchinson.;Hutchinson, Earl Ofari;1881032221, 9781881032229;2007
Heaven is paved with Oreos / by Catherine Gilbert Murdock.;Murdock, Catherine Gilbert;0547625383, 9780547625386;2013
Carr, O'Keeffe, Kahlo : places of their own / Sharyn Rohlfsen Udall.;Udall, Sharyn Rohlfsen;300091869;2000
Old school / by Jeff Kinney.;Kinney, Jeff;1419717014, 9781419717017;2015
Secrets from the Vinyl Cafe / Stuart McLean.;McLean, Stuart, 1948-2017;1594485097, 9781594485091;2011
Shaking up the schoolhouse : how to support and sustain educational innovation / Phillip C. Schlechty.;Schlechty, Phillip C., 1937-2016;078795540X;2001
"The second rider / Alex Beer ; translated from the German by Tim Mohr.";Beer, Alex, 1977-;1609454723, 9781609454722;2018
A place in the wind / Suzanne Chazin.;Chazin, Suzanne;1496705211, 9781496705211;2017
MASA, zao an! Wo men yi qi chi Brunch ba! : mei tian dou xiang chi de yi bai ling er dao chao ren qi mei wei zao wu can shi pu = Good morning, MASA ! Let's have a good brunch time / MASA (Shan xia sheng), wen zi & hui tu & nei ye she ying.;Yamashita, Masaru.;9789868969100, 9868969107;2013
Hi, cat! / Ezra Jack Keats.;Keats, Ezra Jack;670885460;1999
Managing construction equipment / S.W. Nunnally.;Nunnally, S. W., 1927-;139012168;2000
Deep water / Katherine Nichols.;Nichols, Katherine;1481481061, 148148107X, 9781481481069, 9781481481076;2017
The fourth king / Ted Sieger.;Sieger, Ted;0763631213, 9780763631215;2006
Blended / Sharon M. Draper.;Draper, Sharon M. (Sharon Mills);1508258775, 9781508258773;2018
The ultimate phrasal verb book / Carl W. Hart.;Hart, Carl W.;0764141201, 9780764141201;2009
"The lion's mouth / Anne Holt and Berit Reiss-Andersen ; translated from the Norwegian by Anne Bruce.";Holt, Anne, 1958-;1410489299, 9781410489296;2016
"Over in the grasslands : on an African savanna / by Marianne Berkes ; illustrated by Jill Dubin.";Berkes, Marianne Collins;1584695676, 1584695684, 9781584695677, 9781584695684;2016
Wind River wrangler / Lindsay McKenna.;McKenna, Lindsay, 1946-;1410495116, 9781410495112;2017
Farmhouse revival / Steve Gross and Susan Daley.;Gross, Steve;1419705865, 9781419705861;2013
Caleb's crossing / Geraldine Brooks.;Brooks, Geraldine;0670021040, 9780670021048;2011
Archie and the bear / Zanni Louise, David Mackintosh.;Louise, Zanni;1328973417, 9781328973412;2018
Silly Tilly's valentine / story and pictures by Lillian Hoban.;Hoban, Lillian;006027400X, 0060274018;1998
"Ingrid Bergman / David Thomson ; photo research by Lucy Gray.";Thomson, David, 1941-;0865479348, 9780865479340;2010
"Minecraft. Guide to: Creative / [written by Craig Jelley ; additional material by Stephanie Milton, Marsh Davies and Owen Jones ; illustrations by Ryan Marsh, John Stuckey and James Bale].";Jelley, Craig;0399182020, 1518253814, 9780399182020, 9781518253812;2017
"Bear country : bearly a misadventure / Doreen Cronin ; illustrated by Stephen Gilpin ; cover by Kevin Cornell.";Cronin, Doreen;1534405747, 1534405755, 9781534405745, 9781534405752;2018
I know why the caged bird sings / Maya Angelou.;Angelou, Maya;0375507892, 9780375507892;2002
"Ms. Marvel. [Vol. 1, No normal] / writer, G. Willow Wilson ; artist, Adrian Alphona ; color artist, Ian Herring ; letterer, VC's Joe Caramagna.";Wilson, G. Willow, 1982-;078519021X, 9780785190219;2014
"Hands are not for hitting / Martine Agassi ; illustrated by Marieka Heinlen.";Agassi, Martine, 1966-;1575423081, 9781575423081;2009
"The 420 gourmet : the elevated art of cannabis cuisine / JeffThe420Chef ; recipe photography by Leela Cyd.";JeffThe420Chef;0062445057, 9780062445056;2016
Independence Day origami / by Ruth Owen.;Owen, Ruth, 1967-;1448878632, 1448879221, 9781448878635, 9781448879229;2013
The book of massively epic engineering disasters / Sean Connolly.;Connolly, Sean, 1956-;0761183949, 9780761183945;2017
Have you seen my monster? / Steve Light.;Light, Steve;076367513X, 9780763675134;2015
"Leonardo Da Vinci and the secrets of the Codex Atlanticus / in collaboration with Veneranda Biblioteca Ambrosiana ; preface by Franco Buzzi ; text by Marco Navoni.";Navoni, M. (Marco);8854406473, 9788854406476;2012
Lucid dreaming : a concise guide to awakening in your dreams and in your life / Stephen LaBerge.;LaBerge, Stephen;159179675X, 9781591796756;2009
Paul McCartney : the life / Philip Norman.;Norman, Philip, 1943-;0316327964, 9780316327961;2016
The Tiger Woods syndrome : why men prowl and how to not become the prey / J. R. Bruns, R. A. Richards II.;Bruns, J. R.;0757315372, 9780757315374;2010
"Shui shi ni de sheng dan li wu? / An Siwoci (An Swerts), zhu ; Ailin Fan Lindenghuisen (Eline Van Lindenhuizen), hui ; Su Yizhen, yi.";Swerts, An, 1973-;9789869536479, 9869536476;2017
Aug 9-fog / Kathryn Scanlan.;Scanlan, Kathryn, 1980-;0374106878, 9780374106874;2019
Thirteen ways of looking at a black boy / Tony Medina & 13 artists.;Medina, Tony;0998799947, 9780998799940;2018
Lying in wait / Liz Nugent.;Nugent, Liz;1501167774, 1501178474, 9781501167775, 9781501178474;2018
LEGO DC Comics super heroes : the awesome guide / written by Cavan Scott.;Scott, Cavan;0241280397, 1465460780, 1465463151, 9780241280393, 9781465460783, 9781465463159;2017
Heart attack and vine : a Crush novel / Phoef Sutton.;Sutton, Phoef;193884968X, 1938849841, 9781938849688, 9781938849848;2016
Sociology of poverty in the United States : an annotated bibliography / compiled by H. Paul Chalfant.;Chalfant, H. Paul, 1929-;313239290;1985
Irresistible / Karen Robards.;Robards, Karen;786250666;2003
"Lions at lunchtime / by Mary Pope Osborne ; illustrated by Sal Murdocca.";Osborne, Mary Pope;0679883401, 0679983406, 9780679883401, 9780679983408;1998
The corner office : indispensable and unexpected lessons from CEOs on how to lead and succeed / Adam Bryant.;Bryant, Adam;0805093060, 9780805093063;2011
Big Nate strikes again / Lincoln Peirce.;Peirce, Lincoln;006194436X, 0061944378, 9780061944369, 9780061944376;2010
"The thirteen days of Christmas / by Steven Davison and Carolyn Gardner ; artwork by Tim Wollweber and Sherri Lundberg.";Davison, Steven.;1423118049, 9781423118046;2009
The other Miss Bridgerton : a Bridgertons prequel / Julia Quinn.;Quinn, Julia, 1970-;0062842625, 9780062842626;2018
A platypus' world / written and illustrated by Caroline Arnold.;Arnold, Caroline;1404839852, 9781404839854;2008
Big Dog and Little Dog wearing sweaters / Dav Pilkey.;Pilkey, Dav, 1966-;0544530977, 0544562372, 9780544530973, 9780544562370;2015
Stop biting the tail you're chasing : using Buddhist mind training to free yourself from painful emotional patterns / Anyen Rinpoche and Allison Choying Zangmo.;Anyen, Rinpoche;1611805716, 9781611805710;2018
Tidelands / Philippa Gregory.;Gregory, Philippa;1508281092, 9781508281092;2019
Shadow catcher : the life and work of Edward S. Curtis / Laurie Lawlor.;Lawlor, Laurie;0803280467, 9780803280465;2005
Ill will : a novel / Dan Chaon.;Chaon, Dan;0345476042, 9780345476043;2017
U.S. General Services Administration capital investment program : hearings before the Subcommittee on Public Buildings and Economic Development of the Committee on Transportation and Infrastructure, House of Representatives, One Hundred Fifth Congress, first session, March 5, 1997 (GSA FY 1998 program and rent shortfall), April 24, 1997 (GSA rent shortfall and vacant space), May 15, 1997 (Innovative financing for acquiring real estate and scoring issues), June 19, 1997 (Budget scoring rules ...).;United States. Congress. House. Committee on Transportation and Infrastructure. Subcommittee on Public Buildings and Economic Development;160555221;1997
Release your creativity : discover your inner artist with 15 simple painting projects / Rebecca Schweiger.;Schweiger, Rebecca;1942021488, 9781942021483;2017
X / Sue Grafton.;Grafton, Sue;0399163840, 9780399163845;2015
San Judas Tadeo : apóstol de las causas perdidas / Antonio Velasco Piña.;Velasco Piña, Antonio;6074296383, 9786074296389;2009
Midnight in Europe / Alan Furst.;Furst, Alan;1410470075, 9781410470072;2014
Day hiking. Olympic Peninsula : national park, coastal beaches, southwest Washington / Craig Romano.;Romano, Craig;1594859612, 9781594859618, 9781594859625;2016
"Snow treasure / Marie McSwigan ; illustrated by Mary Reardon.";McSwigan, Marie, 1907-1962;0142402249, 0329479245, 1415699607, 9780142402245, 9780329479244, 9781415699607;2004
"Los amantes de Coyoacán / Gérard de Cortanze ; traducción: Eric Reyes Roher.";Cortanze, Gérard de;6070737547, 9786070737541;2017
My name is Mary Sutter / Robin Oliveira.;Oliveira, Robin;0670021679, 9780670021673;2010
Hum if you don't know the words / Bianca Marais.;Marais, Bianca, 1976-;0399575065, 9780399575068;2017
Get your captain's license : the complete study guide / Charlie Wing.;Wing, Charles, 1939-;0071848371, 9780071848374;2016
Four in hand / Stephanie Laurens.;Laurens, Stephanie;1410412563, 9781410412560;2009
The coddling of the American mind : how good intentions and bad ideas are setting up a generation for failure / Greg Lukianoff and Jonathan Haidt.;Lukianoff, Greg;0735224897, 9780735224896;2018
The last voyage of Columbus : being the epic tale of the great captain's fourth expedition, including accounts of swordfight, mutiny, shipwreck, gold, war, hurricane, and discovery / Martin Dugard.;Dugard, Martin;316828831;2005
American fire : [love, arson, and life in a vanishing land] / Monica Hesse.;Hesse, Monica;1520075847, 9781520075846;2017
I see you / Clare Mackintosh.;Mackintosh, Clare;1101988290, 9781101988299;2017
Great scientists / written by Jacqueline Fortey.;Fortey, Jacqueline;0756629748, 9780756629748;2007
"Baby Bear, Baby Bear, what do you see? / by Bill Martin, Jr. ; pictures by Eric Carle.";Martin, Bill, 1916-2004;0805083367, 9780805083361;2007
Angel : how to invest in technology startups--timeless advice from an angel investor who turned $100,000 into $100,000,000 / Jason Calacanis.;Calacanis, Jason, 1970-;0062560700, 9780062560704;2017
The history of mathematics : a very short introduction / Jacqueline Stedall.;Stedall, Jacqueline A.;0199599688, 9780199599684;2012
She loves you : yeah, yeah, yeah / by Ann Hood.;Hood, Ann, 1956-;1524785113, 9781524785116;2018
In the cut / Susanna Moore.;Moore, Susanna;0307387194, 9780307387196;2007
"A puppy for Miguel / by Melissa Lagonegro ; based on an original story by Roni Capin Rivera-Ashford and Daniel Rivera Ashford ; illustrated by the Disney Storybook Art Team.";Lagonegro, Melissa;0736439838, 073648275X, 9780736439831, 9780736482752;2019
The book of perfectly perilous math / by Sean Connolly.;Connolly, Sean, 1956-;0761163743, 9780761163749;2012
One plus one / Jojo Moyes.;Moyes, Jojo, 1969-;0525426582, 9780525426585;2014
Wang Dahua de ge ming sheng ya = Wang Dahua revolutionary career / Hao Yan, zhu.;Hao, Yan;7106041106, 9787106041106;2015
Unwind / Neal Shusterman.;Shusterman, Neal;1416912053, 9781416912057;2009
Watch the girls / Jennifer Wolfe.;Wolfe, Jennifer, 1978-;1538760843, 9781538760840;2018
Poritikon. 1 / Kirino Natsuo.;Kirino, Natsuo, 1951-;4163299009, 9784163299006;2011
"Dracula / Bram Stoker ; retold by Chris Rice.";Rice, Chris, 1952-;1405855444, 9781405855440;2008
Do you believe in unicorns? / Bethanie Deeney Murguia.;Murguia, Bethanie Deeney;0763694681, 9780763694685;2018
"Night of the Ninjas / by Mary Pope Osborne ; illustrated by Sal Murdocca.";Osborne, Mary Pope;0679863710, 0679963715, 9780679863717, 9780679963714;1995
"Notre-Dame of Paris / Victor Hugo ; translated and edited by John Sturrock.";Hugo, Victor, 1802-1885,;0140443533, 9780140443530;2004, 1978
The beekeeper's problem solver : [100 common problems explored and explained] / James E. Tew.;Tew, James E., 1948-;1631590359, 9781631590351;2015
"Knit your bit : a World War I story / by Deborah Hopkinson ; illustrated by Steven Guarnaccia.";Hopkinson, Deborah;039925241X, 9780399252419;2013
"Is it Hanukkah yet? / Chris Barash ; pictures by Alessandra Psacharopulo.";Barash, Chris;080753384X, 9780807533840;2015
"The orphan and the polar bear / retold by Sakiasi Qaunaq ; illustrated by Eva Widermann.";Qaunaq, Sakiasi, 1942-;192656944X, 9781926569444;2011
